,subid,group,cue,ppx_m,semdis,valence_m,valence_vol,fluency
0,501,HC,alone,9.942652177810668,0.41397707570682873,0.42890000000000006,0.4858433904047682,11
1,501,HC,future,12.817640993330214,0.45695610973570083,0.22171428571428572,0.6937191691990973,10
2,501,HC,win,11.01943302154541,0.45164606950499797,0.5568000000000001,0.4571791771286177,11
3,501,HC,failure,10.142911434173584,0.3512743982401761,-0.633,0.3229253783771105,11
4,501,HC,beautiful,9.719671297073365,0.4364774004979567,0.5542,0.5263105547108095,11
5,501,HC,rejection,10.588486814498902,0.45216938907449894,-0.5301,0.3786033544489536,11
6,501,HC,worry,10.588701534271241,0.4966702840544961,0.3584444444444445,0.33583527708287786,11
7,501,HC,guilt,10.626208591461182,0.4941734276034615,0.1438,0.6459653241467378,11
8,501,HC,kindness,10.333714151382447,0.46451779074139066,0.68975,0.6789636588212952,11
9,501,HC,mother,12.395540618896485,0.44824406883933327,0.41571428571428576,0.3971225071867442,11
10,501,HC,strength,10.818103313446045,0.4051286686550487,0.3698,0.6195217510305833,11
11,501,HC,pain,12.251824283599854,0.4288355995308269,0.1242,0.5907683133005698,11
12,501,HC,joy,10.147526794009739,0.4960525075594584,0.47555555555555556,0.6256456220932457,10
13,501,HC,anger,11.254546801249186,0.46214602986971537,0.10477777777777779,0.6479864539050523,10
0,885,MDD,alone,11.690427589416505,0.4967051711949435,0.3576,0.4023996769382401,11
1,885,MDD,future,13.046446919441223,0.40847327725754845,-0.573125,0.6287751983022232,9
2,885,MDD,win,15.492698907852173,0.5130677827530437,0.33325,0.7317113501921368,9
3,885,MDD,failure,13.372538757324218,0.42521163658662275,0.3396,0.7241590985411976,11
4,885,MDD,beautiful,11.73078081342909,0.4010583957036336,0.5235555555555556,0.6618301225474035,10
5,885,MDD,rejection,11.396811819076538,0.5093942593444477,0.2346666666666667,0.7569649925855224,11
6,885,MDD,worry,13.572781181335449,0.5130186812444166,-0.149777778,0.8543064763628773,11
7,885,MDD,guilt,13.706297397613525,0.41680156805298546,0.1432,0.9107060996830975,11
8,885,MDD,kindness,13.988955633980888,0.43436409745897564,0.2543333333333333,0.6768741882112707,8
9,885,MDD,mother,13.094674110412598,0.4713457907949175,0.24374999999999997,1.4006639497038538,9
10,885,MDD,strength,13.65141373872757,0.5529085675047504,0.4223333333333333,0.4943716550666445,9
11,885,MDD,pain,13.734867572784424,0.4805874639087253,0.086,0.7963001946502337,11
12,885,MDD,joy,9.764088344573974,0.5011502368883654,0.35300000000000004,0.5767932038434572,11
13,885,MDD,anger,11.850468635559082,0.498177508,-0.1032,0.8277415055438504,6
0,1038,HC,alone,11.819716930389404,0.4816222177611457,0.185875,0.7679448222365979,10
1,1038,HC,future,12.067989730834961,0.4717004743489352,0.5182,0.4138927397285437,11
2,1038,HC,win,10.706193182203505,0.49757660627365113,0.2618888888888889,0.8449235336867933,10
3,1038,HC,failure,10.869158697128295,0.48592168255285784,0.10380000000000003,0.5481477902901735,11
4,1038,HC,beautiful,9.131471586227416,0.3338244849985296,0.7367000000000001,0.36877988014532465,11
5,1038,HC,rejection,10.672464105818007,0.3876337880889575,0.1798888888888889,0.9342030471655149,10
6,1038,HC,worry,10.68503828048706,0.41836677,0.3761,0.9695430882637449,11
7,1038,HC,guilt,10.841703271865844,0.4011178623546254,0.23210000000000003,0.5157982163598474,11
8,1038,HC,kindness,11.833089669545492,0.350398741,0.2382222222222222,0.648168359,10
9,1038,HC,mother,9.903308343887328,0.4300854937596755,0.27999999999999997,0.7552795508948988,11
10,1038,HC,strength,13.089315128326415,0.4680863759734414,0.3364,0.19831288409984868,11
11,1038,HC,pain,11.841150283813477,0.38422478636105856,0.3692000000000001,0.6080246705521084,11
12,1038,HC,joy,11.20549488067627,0.4116304186257449,0.6407999999999999,0.3723417784777851,11
13,1038,HC,anger,10.131437730789184,0.42144166176969355,-0.016,0.8569441055284761,11
0,1237,MDD,alone,10.605311298370362,0.3694552632895383,0.18480000000000002,0.42037554638679925,11
1,1237,MDD,future,11.465730619430541,0.4413508491082625,0.44900000000000007,0.3599490704715506,11
2,1237,MDD,win,11.837249875068665,0.42917854173315895,0.11250000000000002,1.1900369742155072,9
3,1237,MDD,failure,12.601865100860596,0.48343723037026143,0.36800000000000005,0.4486389293060611,11
4,1237,MDD,beautiful,12.470926094055176,0.4478506088256836,0.19740000000000002,0.6887260703646988,11
5,1237,MDD,rejection,10.488491164313423,0.45263338486353555,0.080875,0.6240162257505809,10
6,1237,MDD,worry,11.670293951034546,0.4411315462806008,-0.042888889,0.51448356,11
7,1237,MDD,guilt,10.584535227881538,0.4463982635074192,0.40199999999999997,0.6487766265141732,10
8,1237,MDD,kindness,8.807177305221558,0.47922048731283706,0.5519999999999999,0.9649206573599718,11
9,1237,MDD,mother,9.156953069898817,0.47910532272524303,0.005375,1.0742735917819073,10
10,1237,MDD,strength,10.83201132880317,0.4159228954050276,0.20166666666666666,0.9473238329338307,10
11,1237,MDD,pain,10.307146024703979,0.4740701236508109,0.056555556,0.9843216502297971,11
12,1237,MDD,joy,11.288923645019532,0.43837118311361833,0.37160000000000004,0.8322369854794966,11
13,1237,MDD,anger,10.730183649063111,0.4112934936176647,0.2232,0.6702399570303161,11
0,1245,HC,alone,9.680355501174926,0.4464756293730302,0.12450000000000001,0.6060846475534586,11
1,1245,HC,future,12.027918577194214,0.5215608569708737,0.21589999999999998,0.536390343,11
2,1245,HC,win,11.693032768037584,0.5311115251647102,-0.215238095,0.6837519275385616,10
3,1245,HC,failure,11.93091516494751,0.4927119379693812,0.1607,0.6650962336384111,11
4,1245,HC,beautiful,9.664533853530884,0.44075535535812377,0.6269,0.3664895632893248,11
5,1245,HC,rejection,9.385557794570923,0.3862173969095403,-0.1661,0.35525568257242557,11
6,1245,HC,worry,10.659762191772462,0.38812085390090945,-0.2461,0.7392216176492675,11
7,1245,HC,guilt,12.008840656280517,0.44919003464958884,0.33520000000000005,0.4273312532450675,11
8,1245,HC,kindness,9.309544324874878,0.35153668251904574,0.0708,0.5218179759264718,11
9,1245,HC,mother,9.607396268844605,0.39534917582165113,0.6169,0.4440849017924388,11
10,1245,HC,strength,11.196885061264037,0.5136461068283428,0.15105,0.286392126,11
11,1245,HC,pain,9.971703290939331,0.4896810845895247,0.081375,0.6396497088250725,11
12,1245,HC,joy,8.071472406387329,0.3931119367480278,0.24300000000000002,0.6734861542749041,11
13,1245,HC,anger,11.25780897140503,0.4070818613875996,-0.462888889,0.37449106205029187,11
0,1572,HC,alone,12.633814239501953,0.47629840048876676,0.37177777777777776,0.429308488,11
1,1572,HC,future,13.104666471481323,0.5006657725030725,0.34199999999999997,0.36044971910101414,11
2,1572,HC,win,13.753206825256347,0.5305230444127863,0.42933333333333334,0.38926083799940625,11
3,1572,HC,failure,13.43039665222168,0.45978530645370486,0.1331111111111111,0.5843130819841174,11
4,1572,HC,beautiful,11.340462589263916,0.43383485783230175,0.3023,0.40763390437989816,11
5,1572,HC,rejection,13.573428344726562,0.5448333531618118,-0.22875,0.7098214564240786,11
6,1572,HC,worry,13.364191722869872,0.4495037951252677,0.045,0.5593274532865341,11
7,1572,HC,guilt,12.65700044631958,0.42072917006232524,0.2492,0.5380661669348854,11
8,1572,HC,kindness,11.986238813400268,0.4683036294850436,0.2682,0.3663648454751083,11
9,1572,HC,mother,11.720840644836425,0.4235113051804629,0.0774,0.41967415931886964,11
10,1572,HC,strength,14.15132007598877,0.4292658719149503,0.2747,0.4554525222237769,11
11,1572,HC,pain,10.083789157867432,0.4970066319812428,-0.217777778,0.4482043184877976,11
12,1572,HC,joy,11.62698417239719,0.47126615312364367,0.21755555555555559,0.6201985345211823,10
13,1572,HC,anger,12.039210605621339,0.4454392660747875,-0.097,0.2589617732407623,11
0,1626,HC,alone,10.617120477888319,0.43108949065208435,0.3474285714285714,0.785590224,10
1,1626,HC,future,12.375253253512913,0.47939175234900583,0.7336666666666667,0.23673543601807204,10
2,1626,HC,win,12.140070724487305,0.433502722,0.25,0.5224174575949774,6
3,1626,HC,failure,10.61042949131557,0.4075999728270939,0.5698571428571428,0.5878865293817944,8
4,1626,HC,beautiful,11.908055941263834,0.4238746205965678,0.47322222222222227,0.2998306929659545,10
5,1626,HC,rejection,10.676251782311333,0.43526146610577904,0.5171111111111111,0.5430023531768122,10
6,1626,HC,worry,10.983491049872505,0.4521609584490458,0.22111111111111112,0.3840434003251889,10
7,1626,HC,guilt,12.067602753639221,0.43039874732494354,0.324625,0.8817934848931466,9
8,1626,HC,kindness,10.095656585693359,0.455169205,0.6238000000000001,0.5193072308373917,11
9,1626,HC,mother,10.121998241969518,0.40835302216666086,0.7859999999999999,0.28102872247715693,8
10,1626,HC,strength,13.311402702331543,0.5339365104834238,0.42075,0.35634884593611355,6
11,1626,HC,pain,13.547824382781982,0.44487305151091683,-0.03375,0.6795895820272704,9
12,1626,HC,joy,12.39050579071045,0.4675017578734292,0.545125,0.3833844349996489,9
13,1626,HC,anger,11.162299871444702,0.4523352628404444,0.0722,0.6306596546474176,11
0,1627,HC,alone,12.624566713968912,0.4581710166401333,0.2422222222222222,0.8066966936560207,10
1,1627,HC,future,12.919718954298231,0.44170432455009884,0.36911111111111106,0.8231295294315605,10
2,1627,HC,win,13.450232399834526,0.4417982651127709,0.039333333333333345,0.701969927,10
3,1627,HC,failure,11.125986576080322,0.4358962573788383,-0.1912,0.3831767216311555,11
4,1627,HC,beautiful,13.62365493774414,0.3958201755176891,0.0018,0.7964538906929891,11
5,1627,HC,rejection,10.882305765151978,0.5125496151772413,0.3358,0.4034367360565966,11
6,1627,HC,worry,12.80734019809299,0.48553773230976527,0.22,0.803476059,10
7,1627,HC,guilt,11.514345305306572,0.41884623787232805,-0.262,0.9718036250777652,8
8,1627,HC,kindness,9.269297493828667,0.4266674891114235,0.596,0.3312613939340217,10
9,1627,HC,mother,11.969956493377685,0.49473466674486793,0.24022222222222223,0.47495637226544873,11
10,1627,HC,strength,11.631496000289918,0.45805103236978706,0.058888889,0.8758614806767868,11
11,1627,HC,pain,12.577251434326172,0.4320223265224033,0.544,0.682937406,9
12,1627,HC,joy,12.292850112915039,0.4850945835763758,0.24533333333333335,0.6483123389916999,11
13,1627,HC,anger,11.769591861300999,0.4451500044928657,0.20255555555555554,0.7807724095762835,10
0,1631,MDD,alone,11.66035566329956,0.44280566464770926,0.5640000000000001,0.5280837475670355,11
1,1631,MDD,future,10.857192039489746,0.4850330311391089,0.256625,0.6146971815455151,10
2,1631,MDD,win,13.593448829650878,0.47278499386527323,0.5006666666666667,0.40818133225320335,11
3,1631,MDD,failure,11.735374041966029,0.4220497416598456,0.11116666666666664,0.9057845586377958,8
4,1631,MDD,beautiful,12.785407423973083,0.45449009040991467,-0.1985,0.6233498215288106,9
5,1631,MDD,rejection,13.082323498196072,0.4131475998295678,-0.334111111,0.6126661225967842,10
6,1631,MDD,worry,12.445634245872498,0.46946585923433304,0.001125,0.7866528777040099,9
7,1631,MDD,guilt,11.164357594081334,0.43078630949769703,0.052833333333333315,0.47290485300956686,8
8,1631,MDD,kindness,14.243030309677124,0.49010587400860256,-0.165571429,0.6885236794351064,9
9,1631,MDD,mother,11.19618754916721,0.4090661413139767,0.5698888888888889,0.5716896982726828,10
10,1631,MDD,strength,13.504748249053955,0.49528366327285767,0.42244444444444446,0.3050557326129112,11
11,1631,MDD,pain,14.123461723327637,0.44101047895171425,-0.415555556,0.7431802532958535,11
12,1631,MDD,joy,12.713487005233764,0.47254261049357327,0.5434,0.35807485250991866,11
13,1631,MDD,anger,11.542704010009766,0.43357064657741123,0.49700000000000005,0.8846450135506332,11
0,1635,MDD,alone,11.196296882629394,0.45295275395566764,0.707375,0.45097588627331286,11
1,1635,MDD,future,13.197562336921692,0.46893831756379867,0.9248333333333333,0.10397916457957652,9
2,1635,MDD,win,11.329299163818359,0.4800445805896412,0.317,0.8314766984107251,11
3,1635,MDD,failure,11.434510421752929,0.4475736189972271,0.0544,0.503891655,11
4,1635,MDD,beautiful,11.798625373840332,0.4172215575521642,0.3347,0.48961964829855426,11
5,1635,MDD,rejection,9.699469995498657,0.4077165441079573,-0.2755,0.8431179039731039,11
6,1635,MDD,worry,9.978906154632568,0.3595895568529765,-0.32,0.8275710107161667,10
7,1635,MDD,guilt,9.854097843170166,0.46736219260427686,0.030555555555555544,0.348005268,10
8,1635,MDD,kindness,9.816488265991211,0.4820342817240291,0.33,0.5376511880392342,11
9,1635,MDD,mother,12.730983257293701,0.4651078088717027,0.24179999999999996,0.6796684485835722,11
10,1635,MDD,strength,11.617194128036498,0.4857059966434132,0.58925,0.5801284340557701,11
11,1635,MDD,pain,11.786786794662476,0.45258049260486255,0.2737,0.5698056686274716,11
12,1635,MDD,joy,10.039846324920655,0.40157141197811475,-0.2664,0.6137686046060029,11
13,1635,MDD,anger,10.026523537105984,0.3861241804228889,-0.484444444,0.7022880067639234,10
0,1636,HC,alone,9.095014667510986,0.3438624171983628,-0.2952,0.736521011,11
1,1636,HC,future,11.955960512161255,0.43798618680900997,0.42700000000000005,0.412087369,9
2,1636,HC,win,11.320103539360893,0.49276626573668586,0.3164444444444445,0.47350560245424295,10
3,1636,HC,failure,9.370715209,0.453185769,-0.5376,0.28504315462750546,8
4,1636,HC,beautiful,11.676663637161255,0.44234543128146064,0.567375,0.4206325593674365,9
5,1636,HC,rejection,10.207430415683323,0.38787428396088736,-0.612222222,0.3008824059698776,10
6,1636,HC,worry,12.133239640129936,0.43670939803123476,0.14200000000000002,0.6869096657413469,10
7,1636,HC,guilt,11.63479240735372,0.409233022,-0.417,0.5867509409167289,7
8,1636,HC,kindness,11.645709249708387,0.37457597255706787,0.576111111,0.48483055459270163,10
9,1636,HC,mother,11.577670839097765,0.46338759114344913,0.5937777777777778,0.31097981356423193,10
10,1636,HC,strength,11.688628673553467,0.4311520907613966,0.5499999999999999,0.46828706770289713,10
11,1636,HC,pain,9.971500444412232,0.4795944436029954,-0.0513,0.6378863535144799,11
12,1636,HC,joy,10.904690361022949,0.43832260261882433,0.6324,0.23645464681414066,11
13,1636,HC,anger,10.89021348953247,0.37817356416157316,0.021250000000000005,0.6097163274835274,9
0,1637,HC,alone,11.709017372131347,0.4228403535756198,0.4652,0.37202042954655057,11
1,1637,HC,future,12.207252168655396,0.5008118683641607,0.5294,0.3085106157006595,11
2,1637,HC,win,10.830904817581176,0.5278142213821411,0.3105,0.4948361344930259,11
3,1637,HC,failure,10.863948822021484,0.45243612094358965,0.13833333333333334,0.4632877675436246,11
4,1637,HC,beautiful,10.021750044822692,0.40556412068280306,0.2466,0.3802378203177585,11
5,1637,HC,rejection,13.513353620256696,0.45007926864283426,0.2245714285714286,0.8230909514055625,8
6,1637,HC,worry,8.941395139694214,0.5080681204795837,-0.1294,0.47831579526501106,11
7,1637,HC,guilt,13.439928197860718,0.48993913314559245,0.10111111111111112,0.8264827752456657,11
8,1637,HC,kindness,10.054001522064208,0.48926202456156415,0.7402222222222223,0.4934855620988318,11
9,1637,HC,mother,11.347701930999756,0.4629665710709312,0.4833,0.3748943851273316,11
10,1637,HC,strength,11.750996971130371,0.40780031951990997,0.3858,0.49292555218815753,11
11,1637,HC,pain,12.926886129379273,0.4604764114726673,0.32049999999999995,0.4786078770768404,11
12,1637,HC,joy,10.056832695007325,0.3481484055519104,0.48900000000000005,0.7044257235507517,11
13,1637,HC,anger,10.912848567962646,0.4558441145853563,0.22337500000000002,0.5099325935846816,11
0,1657,MDD,alone,10.176635885238648,0.4727680482647636,0.2072,0.5058742926854457,11
1,1657,MDD,future,12.203177240159777,0.46949387457635666,0.5284444444444445,0.22937015208319209,10
2,1657,MDD,win,13.441392050849068,0.43691248032781815,0.4778888888888889,0.4252358822530803,10
3,1657,MDD,failure,12.617969512939453,0.49588698798959907,0.502,0.6123472870847065,11
4,1657,MDD,beautiful,10.662673473358154,0.44127833301370795,0.4837777777777778,0.39233205890475537,11
5,1657,MDD,rejection,10.581226454840767,0.4257935967710283,0.14233333333333334,0.5050414724444804,10
6,1657,MDD,worry,11.796199703216553,0.4272117717699571,0.2474,0.486091761,11
7,1657,MDD,guilt,12.318286101023356,0.42706296112802294,-0.114333333,0.6760300782263069,10
8,1657,MDD,kindness,9.316654539108276,0.46738252970907423,0.711,0.29880428377116686,11
9,1657,MDD,mother,11.704535722732544,0.4690924449400468,0.518375,0.41277082,11
10,1657,MDD,strength,11.535738277435303,0.40417460094798696,0.42133333333333334,0.2645457322363081,11
11,1657,MDD,pain,12.067808246612548,0.411104032,0.010299999999999998,0.8592130120057541,11
12,1657,MDD,joy,9.854058980941772,0.4375268254015181,0.4747,0.5226140067009303,11
13,1657,MDD,anger,11.386964321136475,0.49443898417732934,0.071444444,0.8169630754609823,11
0,1662,MDD,alone,12.22381820678711,0.42727281830527564,0.3343,0.6198849893326986,11
1,1662,MDD,future,11.684096145629884,0.43213350176811216,0.227,0.6516164516032418,11
2,1662,MDD,win,12.247228717803955,0.4344888091087341,0.0918,0.5471573813812622,11
3,1662,MDD,failure,12.603869332207573,0.4003983214497566,0.038111111,0.9576769346241515,10
4,1662,MDD,beautiful,9.754960298538208,0.5200356956985261,0.5047777777777778,0.6344160044219145,11
5,1662,MDD,rejection,11.458853880564371,0.42317641774813336,-0.464111111,0.40628096463189395,10
6,1662,MDD,worry,11.163227187262642,0.39781863561698366,-0.63525,0.3849974025886408,10
7,1662,MDD,guilt,12.560547769069672,0.43885523080825806,0.158,0.666690333,9
8,1662,MDD,kindness,11.083430588245392,0.4757291500767072,0.4325714285714285,0.6739156369415135,9
9,1662,MDD,mother,12.498544597625733,0.4641263405481974,-0.176777778,0.911199332,11
10,1662,MDD,strength,10.55329688390096,0.4547205474641588,0.18666666666666665,0.6756593487516883,10
11,1662,MDD,pain,11.61144134733412,0.5079036017258962,0.3174444444444445,0.7676754233108909,10
12,1662,MDD,joy,9.306839489936829,0.49885636899206376,0.2826666666666666,0.8593363072097494,11
13,1662,MDD,anger,13.01710393693712,0.40048622488975527,0.068888889,0.5769059233917124,10
0,1663,MDD,alone,12.563555335998535,0.46003392176194624,0.2824,0.38708035341515334,11
1,1663,MDD,future,11.790897369384766,0.5137640850110488,-0.04655,0.6847141374325493,11
2,1663,MDD,win,11.191903018951416,0.4354112397540699,0.48019999999999996,0.4488759294058883,11
3,1663,MDD,failure,10.813940334320069,0.4345248579978943,0.294,0.45340538643077943,11
4,1663,MDD,beautiful,11.39896845817566,0.48723692460493606,0.28270000000000006,0.5091909268633917,11
5,1663,MDD,rejection,11.156513833999634,0.47764121890068056,-0.02615,0.6697509611788549,11
6,1663,MDD,worry,11.830422353744506,0.4372128378261219,0.3424444444444445,0.41107717577657416,11
7,1663,MDD,guilt,12.016196823120117,0.4237020684613122,-0.0315,0.6396686642317256,11
8,1663,MDD,kindness,10.519900274276733,0.41208585554903204,0.396,0.37271061160101143,11
9,1663,MDD,mother,10.821365118026733,0.4479407202113758,0.6023749999999999,0.505484668,11
10,1663,MDD,strength,11.114197540283204,0.4753985031084581,0.14020000000000002,0.6845868827256333,11
11,1663,MDD,pain,12.772962474822998,0.5058959104798056,-0.0417,0.7565295764211735,11
12,1663,MDD,joy,9.821116567,0.47435470711101185,0.44620000000000004,0.481383839,11
13,1663,MDD,anger,9.656093359,0.4353363400155848,-0.324555556,0.44690404140287454,11
0,1664,MDD,alone,11.498566913604737,0.49758469065030414,0.024714285714285727,0.4528541234689788,11
1,1664,MDD,future,12.590798091888427,0.47576470916921443,-0.005,0.4230546064044215,11
2,1664,MDD,win,10.42627592086792,0.4099468778480183,-0.0808,0.6380028213103763,11
3,1664,MDD,failure,12.555556297302246,0.42938983006910847,0.12777777777777777,0.5198559629572621,11
4,1664,MDD,beautiful,12.013657379150391,0.4785258488221602,0.38839999999999997,0.5631973011298971,11
5,1664,MDD,rejection,10.208266019821167,0.40075850155618453,-0.3868,0.7539095436456551,11
6,1664,MDD,worry,10.478248691558838,0.45453721935098823,-0.0645,0.6278562733619852,11
7,1664,MDD,guilt,10.746668291091918,0.3705264676700939,-0.5197,0.5084692714412544,11
8,1664,MDD,kindness,11.014501476287842,0.42021590904756023,0.6344,0.3156384007056176,11
9,1664,MDD,mother,11.235832214355469,0.408313924,0.0428,0.717181428,11
10,1664,MDD,strength,11.217337512969971,0.41938243640793693,0.6902,0.36977614850068413,11
11,1664,MDD,pain,13.899384593963623,0.48930271963278454,-0.4475,0.3991290518115663,11
12,1664,MDD,joy,8.780075311660767,0.40141475146467037,0.27779999999999994,0.5295284694896017,11
13,1664,MDD,anger,11.350844478607177,0.40997709252617576,-0.0756,0.6016926125522899,11
0,1665,MDD,alone,11.472661290849958,0.4261935353279114,0.5711428571428572,0.45846701080884755,8
1,1665,MDD,future,11.82543192,0.4255915863947435,0.2762,0.6489224915195959,11
2,1665,MDD,win,11.150525951385498,0.431811215,0.1941,0.8131426689087223,11
3,1665,MDD,failure,13.69927339553833,0.4374158940531991,0.24789999999999995,0.996829073,11
4,1665,MDD,beautiful,12.02917734781901,0.4097688059012095,0.5895555555555556,0.19526392395934278,10
5,1665,MDD,rejection,12.535931968688965,0.46370510188016023,0.028199999999999985,0.9386432762237207,11
6,1665,MDD,worry,12.278874683380128,0.40653183568607676,0.23200000000000004,0.6124119528552656,11
7,1665,MDD,guilt,13.605235311720106,0.46238052513864303,0.3712222222222222,0.6502356837673894,10
8,1665,MDD,kindness,13.02086787223816,0.46072413216937674,0.38370000000000004,0.49183594825917315,11
9,1665,MDD,mother,9.113405492570665,0.39660699566205343,0.24787499999999998,0.6066607371505098,10
10,1665,MDD,strength,12.746233654022216,0.4665319117632779,-0.007444444,0.4324701659588144,11
11,1665,MDD,pain,13.462861728668212,0.4427111777392301,-0.017111111,0.7657919647876525,11
12,1665,MDD,joy,10.843776226043701,0.411305441,0.2637777777777778,0.4330019245530748,10
13,1665,MDD,anger,12.400949621200562,0.4884130559184334,0.21966666666666665,0.787904817,11
0,1669,HC,alone,10.273462009429931,0.44701849872415717,0.48055555555555546,0.611178643,11
1,1669,HC,future,11.19879076215956,0.491167363,-0.055444444,0.5713654211137076,10
2,1669,HC,win,10.905428457260133,0.4724414202299985,0.32189999999999996,0.686889074,11
3,1669,HC,failure,11.904779553413391,0.42025796737935806,0.4605,0.6816454356921934,9
4,1669,HC,beautiful,11.041135549545288,0.3962175493890589,0.2546,0.7567829279258353,11
5,1669,HC,rejection,13.184646224975586,0.43663364486260847,0.5426,0.4216396565789323,11
6,1669,HC,worry,12.194145202636719,0.4202487775021129,0.25025,0.6743989916955688,9
7,1669,HC,guilt,10.980416706630162,0.43492243758269716,-0.131142857,0.5998852271178928,8
8,1669,HC,kindness,10.487515497207642,0.5171911759810014,0.6020000000000001,0.344703415,11
9,1669,HC,mother,10.816779041290284,0.42312150489200245,0.33340000000000003,0.33347563629146887,11
10,1669,HC,strength,12.202120113372803,0.4165821572144826,0.5151999999999999,0.5241919495757256,11
11,1669,HC,pain,12.668724536895752,0.39849913770502265,0.32639999999999997,0.6332746639492219,11
12,1669,HC,joy,9.884561968,0.41012589281255546,0.26819999999999994,0.3863723592598208,11
13,1669,HC,anger,11.54327392578125,0.4390698568387465,0.16960000000000003,0.40096633275126725,11
0,1670,MDD,alone,9.867477178573608,0.43895354204707676,0.50625,0.38923000912057126,9
1,1670,MDD,future,10.354852570427788,0.4757320927249061,0.5755555555555556,0.2981796624706506,10
2,1670,MDD,win,11.523770332336426,0.4420825572950499,0.5454285714285714,0.3999971428469387,8
3,1670,MDD,failure,11.420608222484589,0.4092041634851032,0.2075,0.4837788751072126,9
4,1670,MDD,beautiful,12.571499279567174,0.46467854934079306,0.6737142857142857,0.29611870206774465,8
5,1670,MDD,rejection,13.77608209848404,0.4391738946239154,0.5640000000000001,0.5232647513448617,9
6,1670,MDD,worry,12.385027749197823,0.4303890871150153,0.3551428571428571,0.5905658303694856,8
7,1670,MDD,guilt,10.634833335876465,0.37414610385894775,-0.938,0.354,2
8,1670,MDD,kindness,9.409872690836588,0.40097510388919283,0.618,0.39496413339272557,7
9,1670,MDD,mother,10.654660633632115,0.42352624024663654,0.6890000000000001,0.16838942959699102,8
10,1670,MDD,strength,11.844959364997017,0.439353664,0.19244444444444445,0.5696813924369383,10
11,1670,MDD,pain,14.05913884299142,0.4418266617826053,0.15171428571428572,0.5867805625371622,8
12,1670,MDD,joy,10.073610544204712,0.39531179931428695,0.53125,0.46628532037798487,9
13,1670,MDD,anger,10.289160183497838,0.4723175849233355,0.3535714285714286,0.3251544687858812,8
0,1671,MDD,alone,9.971646547317505,0.42464228636688656,0.37175,0.638624303,9
1,1671,MDD,future,11.93915707724435,0.4982501907008035,0.225,0.8487535959668546,8
2,1671,MDD,win,9.677166726854113,0.38873709951128277,0.8907777777777777,0.1378993191506841,10
3,1671,MDD,failure,11.294932910374232,0.394143209,-0.642714286,0.2698819847901777,8
4,1671,MDD,beautiful,10.139793515205383,0.3640755100382699,0.8968571428571429,0.078234081,9
5,1671,MDD,rejection,11.180975556373596,0.37408673266569775,-0.64475,0.31375866521898643,9
6,1671,MDD,worry,10.02150789896647,0.37326767331077937,-0.5255,0.34281214486459877,7
7,1671,MDD,guilt,10.113115310668945,0.3512900405459934,-0.614444444,0.2749747463152046,10
8,1671,MDD,kindness,9.198670705159506,0.3560151159763336,0.8172222222222223,0.2450773120647623,10
9,1671,MDD,mother,10.45315420627594,0.40756604820489883,0.67225,0.24157710984279948,9
10,1671,MDD,strength,12.468554072909885,0.41205242541101245,0.6066666666666668,0.3729813817218108,10
11,1671,MDD,pain,12.299443789890834,0.3653863562004907,-0.397142857,0.5919724897082875,8
12,1671,MDD,joy,9.843662834,0.3588239052078941,0.6928000000000001,0.30003999733368886,11
13,1671,MDD,anger,10.517042432512556,0.38364078743117197,-0.092,0.5696940699474881,8
0,1672,HC,alone,9.589099831051296,0.39905862510204315,0.45788888888888896,0.5699081797389237,10
1,1672,HC,future,13.049224376678467,0.5025228316133673,0.633,0.3819777480429979,11
2,1672,HC,win,9.912429332733154,0.4615369372897678,0.403375,0.7175773477472654,11
3,1672,HC,failure,9.891084141201443,0.36413056453069054,-0.236444444,0.5890021693980045,10
4,1672,HC,beautiful,9.698404047224257,0.39090709057119155,0.26511111111111113,0.44407006454187187,10
5,1672,HC,rejection,10.45392115910848,0.3804401473866569,-0.000444444,0.4623058150906894,10
6,1672,HC,worry,9.785897970199585,0.3662138059735298,-0.54075,0.47009945756190785,9
7,1672,HC,guilt,10.922438669204713,0.4767653465270996,0.0081,0.4765209334331494,11
8,1672,HC,kindness,9.890619039535522,0.4030506350777366,0.2424,0.5342677231501076,11
9,1672,HC,mother,11.665301693810356,0.35683181550767684,0.6499999999999999,0.17825325304807826,10
10,1672,HC,strength,11.951057195663452,0.45013345209035005,0.23529999999999998,0.3506670785802397,11
11,1672,HC,pain,11.737892627716064,0.43388743003209435,-0.142333333,0.8079256016353101,10
12,1672,HC,joy,11.129011631011963,0.41274419559372794,0.3058,0.4201185546961715,11
13,1672,HC,anger,11.209908866882325,0.37186350388960404,0.2612,0.5087117061755115,11
0,1674,MDD,alone,10.552815675735474,0.3236688659304664,-0.650875,0.22957188416702945,9
1,1674,MDD,future,12.789505767822266,0.4610523050481623,0.5666,0.5846605852971449,11
2,1674,MDD,win,14.022421942816841,0.47820507884025576,0.5562222222222223,0.2261523576903166,10
3,1674,MDD,failure,9.927197813987732,0.38893680108918083,-0.713625,0.34995821179106507,9
4,1674,MDD,beautiful,11.842449082268608,0.4349128332402971,0.48771428571428566,0.46704603627479807,10
5,1674,MDD,rejection,12.049969816207886,0.43419070623137734,0.1496,0.7789388936238837,11
6,1674,MDD,worry,9.932116372244698,0.3355191541569574,-0.049714286,0.54391898,8
7,1674,MDD,guilt,9.436797278267997,0.29171949199267794,-0.685285714,0.20096552653911282,8
8,1674,MDD,kindness,10.312033414840698,0.37964178107001567,0.7027,0.30975506452679674,11
9,1674,MDD,mother,10.152852725982665,0.44755927649411287,-0.05,0.679686693,11
10,1674,MDD,strength,9.612155846187047,0.4232870489358902,0.3310476190476191,0.5280554323956337,8
11,1674,MDD,pain,12.717406034469604,0.3883242958358356,-0.46925,0.8360529289464872,9
12,1674,MDD,joy,11.546791977352566,0.42431884076860216,0.8467777777777779,0.13483075811302603,10
13,1674,MDD,anger,14.068999290466309,0.4118930849764082,-0.339111111,0.5274437305427839,10
0,1675,HC,alone,10.471623706817628,0.4641000601378354,0.3984,0.41409709006463685,11
1,1675,HC,future,11.704919528961181,0.4348242022774436,0.20639999999999997,0.3090190932612417,11
2,1675,HC,win,12.854216957092286,0.44988884329795836,0.2446,0.6079088747501553,11
3,1675,HC,failure,10.06911998324924,0.43396390477816266,0.4317777777777778,0.35813839658868063,10
4,1675,HC,beautiful,12.132246759202745,0.42122082,0.35488888888888886,0.7729763543889583,10
5,1675,HC,rejection,11.955389642715454,0.4283997362310236,0.5836,0.4869090264104785,11
6,1675,HC,worry,11.869339942932129,0.4545272217856513,0.32699999999999996,0.7940102154394629,10
7,1675,HC,guilt,11.104669253031412,0.40104517804251777,0.085666667,0.8009018527745942,10
8,1675,HC,kindness,10.909311103820801,0.43545793023976415,0.5488,0.29001379277544714,11
9,1675,HC,mother,12.11573702096939,0.48284783793820274,0.49399999999999994,0.3599182446850157,9
10,1675,HC,strength,12.377145624160766,0.4418547895821658,0.5156666666666667,0.4434602575203329,11
11,1675,HC,pain,10.989761193593344,0.4157877034611172,0.749,0.4307255506700294,10
12,1675,HC,joy,12.028988361358643,0.4317256943746047,0.5066,0.5281314230378648,11
13,1675,HC,anger,11.989980030059815,0.4357558674282498,0.20660000000000003,0.5257543152461993,11
0,1676,HC,alone,12.692227745056153,0.42103316458788786,0.48200000000000004,0.41988284080205035,11
1,1676,HC,future,13.713087177276611,0.468768494,0.35819999999999996,0.5820336760016555,11
2,1676,HC,win,12.698553276062011,0.49725849682634526,0.4002,0.45222870320226244,11
3,1676,HC,failure,13.257810592651367,0.47563941099426965,0.0924,0.8713611191693144,11
4,1676,HC,beautiful,11.675423049926758,0.3909152095968073,0.2794,0.33238772540513584,11
5,1676,HC,rejection,11.651612186431885,0.43553482565012847,0.2484,0.5123522225969163,11
6,1676,HC,worry,13.272791767120362,0.43908015218648044,0.26959999999999995,0.5417146850510886,11
7,1676,HC,guilt,10.247081756591797,0.42587312839247965,-0.249,0.36347324523271307,11
8,1676,HC,kindness,10.317710685729981,0.4037736545909535,0.8049999999999999,0.2809704610808759,11
9,1676,HC,mother,11.585623073577882,0.43803902701898056,0.5774,0.2979671122791909,11
10,1676,HC,strength,12.935329723358155,0.4254256996241483,0.6218999999999999,0.422561002,11
11,1676,HC,pain,12.605542469024659,0.4118204886263067,0.26880000000000004,0.5401714542624406,11
12,1676,HC,joy,11.630032157897949,0.3854356004132165,0.7828,0.2261848801312767,11
13,1676,HC,anger,10.051156494352552,0.47705560525258384,-0.553888889,0.6542648121704578,10
0,1680,HC,alone,10.144242668151856,0.4829931844364513,0.1471111111111111,0.4620250113479909,11
1,1680,HC,future,13.02305908203125,0.46192290674556385,0.4653333333333334,0.5275275664203088,11
2,1680,HC,win,10.962251377105712,0.44008432518352164,0.182,0.9185283882384909,11
3,1680,HC,failure,8.671144856346977,0.44796342055002847,0.5545555555555555,0.6836585405010311,10
4,1680,HC,beautiful,10.170450581444634,0.3909933653142717,0.6779444444444445,0.31524003200383316,10
5,1680,HC,rejection,10.581744861602782,0.4104778816302617,0.28759999999999997,0.877510798,11
6,1680,HC,worry,10.869956874847412,0.498631737,-0.0514,0.3800121050703517,11
7,1680,HC,guilt,12.310824775695801,0.38229118314656346,0.7083999999999999,0.48835437952372246,11
8,1680,HC,kindness,12.154141426086426,0.4487227586182681,0.3871,0.6776118357880122,11
9,1680,HC,mother,8.270340967178345,0.32188698161732066,0.4384,0.341787653,11
10,1680,HC,strength,10.716954803466797,0.4289619342847304,0.5306666666666666,0.3164792427808041,11
11,1680,HC,pain,12.638834635416666,0.41099369128545127,-0.018444444,0.8316604542186139,10
12,1680,HC,joy,10.638495445251465,0.4193094204772602,0.5797000000000001,0.4384967502730208,11
13,1680,HC,anger,11.126379776000977,0.45437028137120333,-0.2101,0.8448676819478894,11
0,1682,HC,alone,10.123176574707031,0.414284932,0.3622,0.6757014133476413,11
1,1682,HC,future,11.474323654174805,0.40429938170644975,0.7535000000000001,0.5419031278743462,11
2,1682,HC,win,11.994973182678223,0.4168099511753429,0.6598,0.5569236931573301,11
3,1682,HC,failure,11.754659938812257,0.43773689540949734,0.26335,0.5380920460293015,11
4,1682,HC,beautiful,10.52808141708374,0.4272781285372647,0.3984,0.38253679561579434,11
5,1682,HC,rejection,11.420961904525758,0.4916274802251296,0.14255555555555557,0.6352862871703329,11
6,1682,HC,worry,12.106399154663086,0.4123188919491238,0.5488000000000001,0.7632899842130775,11
7,1682,HC,guilt,10.08848443031311,0.4600431225516579,-0.163716667,0.7391416681229354,11
8,1682,HC,kindness,11.603769874572754,0.43332853534004906,0.611,0.3429408112196622,11
9,1682,HC,mother,10.000459337234497,0.5277273486961018,0.17275,1.1110225020223488,11
10,1682,HC,strength,12.90582103729248,0.4149937857281078,0.3332,0.5245298847539576,11
11,1682,HC,pain,12.194522285461426,0.427141719,0.6409,0.4646454562351815,11
12,1682,HC,joy,12.146814632415772,0.4290430090644143,0.7539,0.20564386691559752,11
13,1682,HC,anger,12.906102752685547,0.47663110277869486,0.0932,0.7977841186687035,11
0,1683,HC,alone,11.649266242980957,0.3331467253821237,-0.717625,0.265661909,9
1,1683,HC,future,13.072965908050538,0.44362278448210823,0.7052,0.30584620318061817,11
2,1683,HC,win,12.126295375823975,0.42214314612475307,0.5799000000000001,0.3109826361712178,11
3,1683,HC,failure,10.927587032318115,0.4270140575038062,-0.474111111,0.6891693067261001,10
4,1683,HC,beautiful,12.024652862548828,0.40361888300288806,0.7627,0.3229845197528822,11
5,1683,HC,rejection,12.182441711425781,0.4673906372653113,-0.3825,0.595584587,11
6,1683,HC,worry,10.944444465637208,0.3998237441886555,-0.1375,0.4796671762795532,11
7,1683,HC,guilt,10.370113086700439,0.3783397062258287,-0.3334,0.5881265170012316,11
8,1683,HC,kindness,11.113487482070923,0.46395016420971263,0.6305000000000001,0.28050204990338307,11
9,1683,HC,mother,9.148058605194091,0.40727014595812017,0.6651,0.3421382761399256,11
10,1683,HC,strength,13.153893280029298,0.4677578866481781,0.1978,0.4643670961642308,11
11,1683,HC,pain,11.372581195831298,0.486806135,0.020999999999999998,0.4125118180125268,11
12,1683,HC,joy,12.956891345977784,0.39037878079847854,0.1722,0.797754348,11
13,1683,HC,anger,11.048032855987548,0.4142282101241025,0.11540000000000003,0.8465161546007258,11
0,1690,MDD,alone,10.405848264694214,0.33942385266224545,-0.724625,0.39295705872270575,9
1,1690,MDD,future,11.86769471849714,0.4137345903686115,0.1404285714285714,0.8571082612065827,8
2,1690,MDD,win,11.474904605320521,0.3545111417770386,-0.050571429,0.5847436556792582,8
3,1690,MDD,failure,10.243975639343262,0.5055741171042124,-0.427,0.26909106265351884,3
4,1690,MDD,beautiful,8.158729348863874,0.4075016123907907,0.5844285714285714,0.2922437827763468,8
5,1690,MDD,rejection,10.373220491409302,0.3709369085051797,0.1536,0.5994470785649055,11
6,1690,MDD,worry,11.908339023590088,0.4299720097671856,-0.2302,0.7726983887649825,11
7,1690,MDD,guilt,11.408850397382464,0.48090924322605133,-0.232857143,0.570796937,8
8,1690,MDD,kindness,10.918630790710449,0.4013805243101987,0.11410000000000001,0.7550431775733094,11
9,1690,MDD,mother,11.175840091705322,0.4805429908362302,0.023400000000000004,0.49916770728884297,11
10,1690,MDD,strength,9.596421623,0.41941219676624647,0.1919,0.5648693654288574,11
11,1690,MDD,pain,12.359296662466866,0.2980976551771164,-0.638857143,0.48364331603244265,8
12,1690,MDD,joy,11.480294942855835,0.3952769913456657,0.5442,0.6676714761018325,11
13,1690,MDD,anger,10.097169971466064,0.3169249285351146,-0.7138,0.13049137902558924,11
0,1691,MDD,alone,9.697406709194183,0.37591181529892814,-0.124875,1.0276199443373994,9
1,1691,MDD,future,12.702929496765137,0.4613572864068879,-0.01225,1.0245728378207184,9
2,1691,MDD,win,10.330147802829742,0.46252347115013337,0.37837499999999996,0.7436267544944843,9
3,1691,MDD,failure,9.363211810588837,0.362867643,-0.684,0.19522935230133812,9
4,1691,MDD,beautiful,10.590283181932238,0.4049317439397176,0.7045555555555556,0.3329474432999899,10
5,1691,MDD,rejection,11.109752443101671,0.34722200764550104,-0.55,0.45560119012623795,10
6,1691,MDD,worry,12.24564954969618,0.40707019832399155,0.138375,0.4485139351235366,10
7,1691,MDD,guilt,9.309834003448486,0.3698605133427514,-0.547666667,0.3277814312414092,10
8,1691,MDD,kindness,9.805534813139174,0.4871124618583255,0.6867777777777778,0.3327718604556448,10
9,1691,MDD,mother,11.338263392448425,0.4400227674179607,0.615125,0.46044407912362173,9
10,1691,MDD,strength,12.427877955966526,0.41659874584939743,0.7126666666666667,0.37490561775228476,10
11,1691,MDD,pain,10.494067096710205,0.39292246536775066,-0.7242,0.2416634022768032,11
12,1691,MDD,joy,10.140511936611599,0.4354682159092691,0.78,0.4038678276642276,10
13,1691,MDD,anger,11.51661729812622,0.437666629,-0.503875,0.40232356381400286,9
0,1692,MDD,alone,11.300135294596354,0.4566769520441691,0.19444444444444448,0.4140585036494776,10
1,1692,MDD,future,13.091340065002441,0.46731547372681753,0.2985,1.1703948051832767,9
2,1692,MDD,win,14.170373810662163,0.4667837229039934,0.5182222222222221,0.4473030292765745,10
3,1692,MDD,failure,10.289942423502604,0.4878968149423599,0.4978888888888889,0.4671628314743277,10
4,1692,MDD,beautiful,11.974091529846191,0.4275334317769323,0.29674999999999996,0.9252053826043166,9
5,1692,MDD,rejection,11.955950631035698,0.3913776040077209,0.2611111111111112,0.937311996,10
6,1692,MDD,worry,10.665802054935032,0.3646278745598263,-0.762222222,0.1852829667772453,10
7,1692,MDD,guilt,11.511937022209167,0.43858779552910065,-0.40825,0.8215120206059069,9
8,1692,MDD,kindness,10.984773635864258,0.46963410824537277,0.35162499999999997,0.647789511,9
9,1692,MDD,mother,10.17316359,0.40500450630982715,-0.2525,0.6068578911079594,9
10,1692,MDD,strength,11.102916513170515,0.3670907808201654,0.6502857142857142,0.20658170296519485,8
11,1692,MDD,pain,12.684042155742645,0.4329805076122284,-0.4965,0.6580262152832516,9
12,1692,MDD,joy,11.240335941314697,0.3953635458435331,0.70675,0.24959867788111378,9
13,1692,MDD,anger,10.770153522491455,0.3830931862195333,-0.698222222,0.19061654352827478,10
0,1693,MDD,alone,10.36379795074463,0.434909005,0.0406,0.5352969269480258,11
1,1693,MDD,future,11.793247890472411,0.43643163334239615,0.745,0.24187269378745507,11
2,1693,MDD,win,11.666243765089247,0.4831420673264398,0.672888889,0.5553293317182757,10
3,1693,MDD,failure,11.193365414937338,0.4301329003440009,0.098222222,0.6445556609013685,10
4,1693,MDD,beautiful,11.412699317932129,0.3952317920598117,0.5035555555555555,0.2725549893548497,11
5,1693,MDD,rejection,11.22750367058648,0.3755465213741575,0.2922222222222223,0.6077473890432511,10
6,1693,MDD,worry,11.582763957977296,0.4887959908355366,0.2637,0.7369565794536337,11
7,1693,MDD,guilt,11.428629112243652,0.3804695812138644,0.0652,0.5359182773520604,11
8,1693,MDD,kindness,9.333713006973266,0.3999662843617526,0.7638,0.2920883428005986,11
9,1693,MDD,mother,11.122168111801148,0.3860165937380357,0.6658000000000002,0.41353161910548025,11
10,1693,MDD,strength,12.627989387512207,0.4251275382258675,0.6533333333333333,0.5090256487752961,11
11,1693,MDD,pain,10.910653257369995,0.43149343729019163,-0.0134,0.3539903953499303,11
12,1693,MDD,joy,10.505357217788696,0.4565026472915303,0.5304,0.3518317779848773,11
13,1693,MDD,anger,12.10231819152832,0.4038904401389035,-0.264,0.6052880306102212,11
0,1694,MDD,alone,11.559727668762207,0.4423308510865484,0.17200000000000001,1.1943868719975115,9
1,1694,MDD,future,14.149272706773546,0.4226152426666684,0.30788888888888893,0.6263671269932496,10
2,1694,MDD,win,14.332804083824158,0.48324157628748154,0.21925,0.606257371,9
3,1694,MDD,failure,11.41011483328683,0.3919739042009626,-0.158571429,0.717841208,8
4,1694,MDD,beautiful,12.218988312615288,0.4015687339835697,0.3522222222222222,0.5612521714880041,10
5,1694,MDD,rejection,10.05993503332138,0.44563653000763487,-0.411375,0.37429700773583535,9
6,1694,MDD,worry,9.121426211463081,0.49459961785210504,-0.529111111,0.4862134876322906,10
7,1694,MDD,guilt,10.030991395314535,0.5037975139088101,0.14433333333333334,0.7010647457815703,10
8,1694,MDD,kindness,10.774725437164307,0.4564253568649292,0.6827777777777777,0.31172102912700644,10
9,1694,MDD,mother,12.165461222330729,0.4653480165534549,0.4084444444444444,0.5130795909668077,10
10,1694,MDD,strength,11.688213454352486,0.4451851016945309,0.15122222222222223,0.47840127275936234,10
11,1694,MDD,pain,13.283685366312662,0.47749415900972153,-0.033555556,0.5424286947506455,10
12,1694,MDD,joy,10.68733474943373,0.4408036126030816,0.40244444444444444,0.7499905184585853,10
13,1694,MDD,anger,10.876747131347656,0.3387044946352641,-0.270666667,0.9650250428529477,7
0,1695,MDD,alone,12.538127613067626,0.4596935602751645,0.32871428571428574,0.5488400755879882,11
1,1695,MDD,future,10.894748568534851,0.5435037390752272,-0.0132,0.5404923681237321,11
2,1695,MDD,win,13.163312435150146,0.4308270373127677,0.4325,0.7207308790387713,11
3,1695,MDD,failure,12.820975494384765,0.508419777,0.097555556,0.6768026136014679,11
4,1695,MDD,beautiful,12.257249514261881,0.44241243998209634,0.19755555555555557,0.49268110037494506,10
5,1695,MDD,rejection,12.184338140487672,0.5000499010086059,0.056500000000000015,0.5988306939361074,11
6,1695,MDD,worry,12.732628536224365,0.44280085346915504,0.125,0.8442911819982487,11
7,1695,MDD,guilt,13.722334957122802,0.3956784205003218,-0.02625,0.5098132010844756,11
8,1695,MDD,kindness,11.294833993911743,0.4498359008268876,0.1534,0.8307353369154341,11
9,1695,MDD,mother,11.56780195236206,0.44219822558489713,0.35177777777777774,0.6367916107766775,11
10,1695,MDD,strength,12.87723913192749,0.4657830677249215,-0.121,0.6256756348140784,11
11,1695,MDD,pain,12.370975017547607,0.5153565089810979,-0.166444444,0.4413061421633639,11
12,1695,MDD,joy,10.817500686645507,0.38665545069509083,-0.0706,0.7014128598764069,11
13,1695,MDD,anger,12.493708515167237,0.4327424715865742,-0.202666667,0.6276846341914066,11
0,1696,MDD,alone,11.075354848589216,0.46964599724326817,0.6304285714285714,0.6059134780289532,8
1,1696,MDD,future,14.332266807556152,0.445418754,0.14125000000000001,0.7719692351382923,9
2,1696,MDD,win,10.424378204345704,0.4434694371440194,0.5578,0.6928145495008026,11
3,1696,MDD,failure,11.30507845878601,0.4907445306127722,0.039875000000000035,0.7243685180900672,11
4,1696,MDD,beautiful,11.585286712646484,0.4303698241710663,0.2938,0.3676025027118286,11
5,1696,MDD,rejection,10.64057594537735,0.34238485329680973,-0.354857143,0.6991848314797945,9
6,1696,MDD,worry,13.118292490641275,0.4550831072860294,0.3656666666666667,0.6232115745608924,10
7,1696,MDD,guilt,11.852143573760987,0.45499211278828705,-0.0623,0.9683339300055535,11
8,1696,MDD,kindness,10.560103310479057,0.4125739683707555,0.8178749999999999,0.19916387724685417,10
9,1696,MDD,mother,9.728406058417427,0.4066787554158105,0.151,0.9871821851444983,10
10,1696,MDD,strength,11.022338390350342,0.3841433955563439,-0.20675,0.8229143333300253,9
11,1696,MDD,pain,10.545164346694946,0.3554108341534932,0.11800000000000002,0.6790169364603508,9
12,1696,MDD,joy,11.78005599975586,0.5053500793196938,0.4229,0.43564859692187696,11
13,1696,MDD,anger,11.34128189086914,0.47912069227960374,0.4451111111111111,0.4738588631884205,10
0,1697,MDD,alone,12.140731599595812,0.4215402583281199,0.24055555555555555,0.5952323542580288,10
1,1697,MDD,future,13.67397471836635,0.4246783118162836,-0.141333333,0.9331852263439808,8
2,1697,MDD,win,12.467736625671387,0.4267349938551585,0.2344,0.5000016,6
3,1697,MDD,failure,10.968761205673218,0.4141519107601859,-0.333888889,0.658073113,11
4,1697,MDD,beautiful,11.989312267303466,0.4047942982779609,0.043,0.8299778310292389,11
5,1697,MDD,rejection,11.577987141079372,0.35873819324705336,-0.327666667,1.0410856512954798,10
6,1697,MDD,worry,10.621308909522163,0.40921454694535997,-0.294222222,0.6824220753235413,10
7,1697,MDD,guilt,11.546160062154135,0.4045543564690484,0.23000000000000004,0.6873947596218315,10
8,1697,MDD,kindness,12.06375922,0.5227971884939405,-0.061222222,0.5905569875596728,10
9,1697,MDD,mother,13.18047375149197,0.4698787338203854,-0.2235,0.5015381341433571,10
10,1697,MDD,strength,13.377520985073513,0.4670993871159024,0.23011111111111107,0.8421845931201122,10
11,1697,MDD,pain,11.472087979316711,0.4362814517484771,-0.19675,1.0019201564995086,9
12,1697,MDD,joy,10.278597275416056,0.46470316847165427,0.27455555555555555,0.827796405,10
13,1697,MDD,anger,11.43910386827257,0.39315333233939276,0.47777777777777786,0.7839761901146403,10
0,1699,HC,alone,12.771821022033691,0.524634159,0.33655555555555555,0.5226957900049405,11
1,1699,HC,future,14.603163051605225,0.48885188590396533,0.4323,0.3811396069683653,11
2,1699,HC,win,11.587436389923095,0.48696710846640845,0.49366666666666664,0.5017713069162529,11
3,1699,HC,failure,12.74133996963501,0.41023838140747765,0.2614,0.5864206681214433,11
4,1699,HC,beautiful,12.823953533172608,0.5019775970415635,0.6508888888888887,0.21451858246366962,11
5,1699,HC,rejection,13.143867386711968,0.4601436270607842,0.5331111111111111,0.639936802,10
6,1699,HC,worry,13.748158242967394,0.4763011309835646,0.21077777777777776,0.5261370755062051,10
7,1699,HC,guilt,13.706414646572536,0.44321905490424895,0.008222222,1.0313852604897724,10
8,1699,HC,kindness,12.497000598907471,0.43545654283629526,0.5,0.7067675714122712,11
9,1699,HC,mother,12.028852128982544,0.5057449687610973,0.3635,0.6267355104029131,11
10,1699,HC,strength,12.847552490234374,0.5053042219744788,-0.115777778,0.5668779998083068,11
11,1699,HC,pain,13.783129453659058,0.46466991847211664,0.22409999999999997,0.49090263800472694,11
12,1699,HC,joy,12.30917501449585,0.4321307102839152,0.68695,0.379607758,11
13,1699,HC,anger,11.974724388122558,0.3817777276039124,0.4484,0.8470386059678744,11
0,1700,MDD,alone,10.743178102705214,0.4810048070218828,-0.075666667,0.7095997306776389,10
1,1700,MDD,future,11.562529881795248,0.4406008183956146,0.7407777777777778,0.4001830136880431,10
2,1700,MDD,win,11.634637560163226,0.43444095232657026,0.7545714285714286,0.3516654254096803,8
3,1700,MDD,failure,10.716723442077637,0.4720969514714347,0.066,0.488007684,9
4,1700,MDD,beautiful,9.840340912342072,0.41655385825369096,0.466,0.35590367878321877,9
5,1700,MDD,rejection,11.169408480326334,0.38389611774020727,-0.411666667,0.5528682784654345,10
6,1700,MDD,worry,11.813291072845459,0.4362683826022678,0.26625,0.964681035,9
7,1700,MDD,guilt,9.772899091243744,0.4660717629724079,0.5215000000000001,0.6503809460616139,9
8,1700,MDD,kindness,9.707906103134155,0.4425366992300207,0.5288,0.28981373328398363,11
9,1700,MDD,mother,9.033846582685198,0.35785460755938575,0.8505714285714285,0.1815331532097807,8
10,1700,MDD,strength,10.420320093631744,0.4636066598551614,0.6872857142857143,0.22334406512950244,9
11,1700,MDD,pain,10.023564550611708,0.4757779101530711,-0.645222222,0.3124939110517906,10
12,1700,MDD,joy,11.14438271522522,0.39450108137997714,0.6495000000000001,0.6737906202968397,11
13,1700,MDD,anger,8.737605147891575,0.4462535232305527,-0.440222222,0.737475875,10
0,1701,MDD,alone,11.775519466400146,0.44330157204107806,0.4633,0.4376420912115287,11
1,1701,MDD,future,13.575302481651306,0.42030208877154757,-0.05225,0.8204209285482665,9
2,1701,MDD,win,11.230363082885741,0.3995176653067271,0.7569999999999999,0.5238560871079002,11
3,1701,MDD,failure,11.421066420418876,0.40690561277525766,-0.253571429,0.7543429496683095,8
4,1701,MDD,beautiful,12.671231460571288,0.4412186465480111,0.5632222222222222,0.5042519211663948,11
5,1701,MDD,rejection,11.841151714324951,0.39539249009556243,0.6853333333333333,0.4304292431205544,10
6,1701,MDD,worry,10.798450046115452,0.36011362870534264,-0.565444444,0.4765078989668248,10
7,1701,MDD,guilt,11.010988521575928,0.3401404473516676,-0.6586,0.23064778342745892,11
8,1701,MDD,kindness,10.913218906947545,0.4151031385575022,0.5894285714285713,0.4007029537486056,8
9,1701,MDD,mother,11.514003157615662,0.3715011502305667,0.3125,0.9604735811046549,9
10,1701,MDD,strength,11.749812867906359,0.4637178076638116,0.7852222222222222,0.26023621748113557,10
11,1701,MDD,pain,13.510565439860025,0.3907395005226135,0.43599999999999994,0.4734445878640686,10
12,1701,MDD,joy,11.692443466186523,0.3931843324141069,0.7132999999999999,0.21106255,11
13,1701,MDD,anger,12.003052030290876,0.36195828659193857,-0.413142857,0.4338472410554533,8
0,1702,HC,alone,12.202437925338746,0.4471024746244604,0.3567,0.4362927915975693,11
1,1702,HC,future,10.254761457443237,0.5274037182331085,0.2286875,0.4506017504404527,11
2,1702,HC,win,12.220653851826986,0.471697372,0.412875,0.34620550255592414,10
3,1702,HC,failure,10.829554663764107,0.5142146474785275,-0.115375,0.6235890072796345,10
4,1702,HC,beautiful,10.989964962005615,0.39316637841137975,0.7085,0.28224705490048957,11
5,1702,HC,rejection,12.445698142051697,0.4952791639500194,0.2871428571428571,0.4969587508033237,9
6,1702,HC,worry,9.743192036946615,0.47023468679851954,-0.008111111,0.4543368794187855,10
7,1702,HC,guilt,10.932510256767273,0.5240407544705603,0.31122916666666667,0.45087341935157116,9
8,1702,HC,kindness,11.559111595153809,0.42158081910826944,0.528,0.511030136,11
9,1702,HC,mother,10.95671820640564,0.5934393525951438,0.1992857142857143,0.8495906577371751,9
10,1702,HC,strength,12.056676334804958,0.43239405353864035,0.3491111111111111,0.28359517312927285,10
11,1702,HC,pain,11.360305733150906,0.5165862162907918,-0.160222222,0.4085089418305988,10
12,1702,HC,joy,11.724057579040528,0.461432083,0.6113333333333334,0.47130268641524026,11
13,1702,HC,anger,11.727868270874023,0.3993043303489685,0.2928,0.7566682231995739,11
0,1704,HC,alone,12.236001253128052,0.47333913130892646,0.035,0.5890037593864988,9
1,1704,HC,future,14.945872020721435,0.4998028768433465,0.43933333333333335,0.5819576158679141,11
2,1704,HC,win,12.87788086,0.42220348661596124,0.5368,0.3125258389317594,11
3,1704,HC,failure,14.139192867279053,0.49301132758458455,-0.502777778,0.4354320970152649,11
4,1704,HC,beautiful,9.070691162,0.5308051394091712,0.1904285714285714,0.5474384505520755,10
5,1704,HC,rejection,11.212538146972657,0.358494893,0.3728,0.43647176311876124,11
6,1704,HC,worry,11.00055068731308,0.4545674721399943,-0.336,0.6824034730275045,9
7,1704,HC,guilt,11.770591735839844,0.3889264621517875,-0.1754,1.0037555479298732,11
8,1704,HC,kindness,11.215204647609166,0.4967190091099058,0.7084285714285714,0.27122315535366814,8
9,1704,HC,mother,11.135577821731568,0.44126266024329447,0.6879000000000001,0.3175005511806239,11
10,1704,HC,strength,10.366492366790771,0.4675726500424472,-0.219444444,0.8502962882300368,11
11,1704,HC,pain,12.614535649617514,0.48215727673636544,0.1305714285714286,0.7676755266945237,10
12,1704,HC,joy,13.550763342115614,0.4842149509323968,0.14550000000000002,0.657250713,10
13,1704,HC,anger,11.046036911010741,0.42982385754585267,-0.4537,0.6117210148425506,11
0,1705,HC,alone,10.687825965881348,0.44508144530383026,0.2544,0.4226662986328576,11
1,1705,HC,future,13.997681975364685,0.5180817374161312,-0.334625,0.7313143988736992,9
2,1705,HC,win,11.115621248881022,0.47570025814431055,0.58525,0.4687197990270946,10
3,1705,HC,failure,11.05930632352829,0.5119548754559623,0.15275,0.38751838666055577,9
4,1705,HC,beautiful,10.801261054144966,0.36857747180121286,0.6123333333333333,0.4580589481715208,10
5,1705,HC,rejection,13.144816398620605,0.38628167659044266,-0.167625,0.7668758863075562,9
6,1705,HC,worry,10.795985221862793,0.37209271887938183,0.22612500000000002,0.2373375760388565,9
7,1705,HC,guilt,12.781587028503418,0.4263079802195231,-0.1237,0.5612426391499491,11
8,1705,HC,kindness,9.519283824,0.43287741392850876,0.7421111111111112,0.2728178065221469,10
9,1705,HC,mother,12.11796145968967,0.4220920630863735,-0.34,0.32880237225421594,10
10,1705,HC,strength,11.855062484741211,0.38133610252823147,0.232,0.511705272,8
11,1705,HC,pain,12.692464510599772,0.39023129012849594,0.30933333333333335,0.4788857437380608,10
12,1705,HC,joy,9.935783958435058,0.38688640702854504,0.6833,0.45293067902273965,11
13,1705,HC,anger,11.392726612091064,0.4231950879096985,0.3846,0.37509358832163475,11
0,1706,HC,alone,10.95505256652832,0.5220750824971633,0.48477777777777775,0.3386361534810547,11
1,1706,HC,future,11.372619819641113,0.4270060111175884,0.34459999999999996,0.5606824413159378,11
2,1706,HC,win,11.572062651316324,0.49385730160607233,0.640888889,0.20581059253595285,10
3,1706,HC,failure,10.499060440063477,0.4568362149325284,0.46040000000000003,0.36718769042548255,11
4,1706,HC,beautiful,10.987726497650147,0.4303535569797863,0.378,0.3744777697006859,11
5,1706,HC,rejection,14.889079570770264,0.458245159,0.096875,0.8181327826215009,11
6,1706,HC,worry,12.57930612564087,0.4360355887148115,-0.124,0.7909829328120803,11
7,1706,HC,guilt,12.657087135314942,0.4355008449819353,0.4431,0.7772498954647726,11
8,1706,HC,kindness,12.451904678344727,0.41293365822898015,0.714111111,0.2760541412275659,11
9,1706,HC,mother,11.240688014030457,0.5097749314524911,0.6703333333333332,0.37093305775211427,11
10,1706,HC,strength,11.717147779464721,0.3920371613719247,0.3881,0.42696475264358763,11
11,1706,HC,pain,9.455547428131103,0.48001725456931377,-0.1928,0.5037527171142604,11
12,1706,HC,joy,9.946704769134522,0.45959431474859064,0.6662,0.23912841738279453,11
13,1706,HC,anger,14.34556664360894,0.47935889429516265,0.2985555555555555,0.3865841866053672,10
0,1707,HC,alone,11.947450256347656,0.47367275032130157,0.3556666666666667,0.5005061882179325,11
1,1707,HC,future,13.083899557590485,0.503804153,0.15450000000000003,0.7200381934314318,9
2,1707,HC,win,12.887078475952148,0.5033660937439312,0.40780000000000005,0.5038737937221979,11
3,1707,HC,failure,12.19496030807495,0.497451683,0.41250000000000003,0.33608257913792555,11
4,1707,HC,beautiful,11.430887413024902,0.42604640939018945,0.5575,0.45473288862803846,11
5,1707,HC,rejection,12.344267082214355,0.5016082297671925,0.11366666666666668,0.3801002791661987,11
6,1707,HC,worry,11.567863368988037,0.3904539552601901,0.37422222222222223,0.7081566054043257,11
7,1707,HC,guilt,12.70126736164093,0.47808123876651126,0.03675,0.46590825277086473,9
8,1707,HC,kindness,12.410302686691285,0.48339861739765516,0.58975,0.40461277785062594,11
9,1707,HC,mother,9.967752122879029,0.4424436655911532,0.6607777777777778,0.4340647673126929,11
10,1707,HC,strength,13.604903888702392,0.5257024320689114,0.36271428571428566,0.535270559,11
11,1707,HC,pain,12.865582995944553,0.4378668354617225,-0.156,0.8536473380605001,10
12,1707,HC,joy,11.544501569535997,0.5070914420816633,0.44628571428571423,0.4772474650086084,10
13,1707,HC,anger,10.842197370529174,0.480283444,-0.3757,0.4943082034520568,11